Drug,Disease,GraphDistanceToIndication,RandomWalkScore,StructuralLikelihood,PreferentialAttachment,KatzSimilarity,Label,graph_score,p_like,SelectedDrug
metformin,mitochondrial diseases,0.0,6e-06,1.0925,4.8e-05,0.0,0,0.12017458,0.530007539791295,metformin
metformin,paronychia,0.0,6e-06,1.0923,2.4e-05,0.0,0,0.12015354,0.5300022987335057,metformin
metformin,mania,0.0,6e-06,1.0923,2.4e-05,0.0,0,0.12015354,0.5300022987335057,metformin
metformin,maple syrup urine disease,0.0,6e-06,1.0923,2.4e-05,0.0,0,0.12015354,0.5300022987335057,metformin
metformin,"pleural effusion, malignant",0.0,6e-06,1.0923,2.4e-05,0.0,0,0.12015354,0.5300022987335057,metformin
metformin,bacteremia,0.0,6e-06,1.0923,2.4e-05,0.0,0,0.12015354,0.5300022987335057,metformin
metformin,idiopathic hypersomnia,0.0,6e-06,1.0923,2.4e-05,0.0,0,0.12015354,0.5300022987335057,metformin
metformin,"leishmaniasis, cutaneous",0.0,6e-06,1.0923,2.4e-05,0.0,0,0.12015354,0.5300022987335057,metformin
metformin,vitamin b 12 deficiency,0.0,6e-06,1.0923,2.4e-05,0.0,0,0.12015354,0.5300022987335057,metformin
metformin,hypothermia,0.0,6e-06,1.0923,2.4e-05,0.0,0,0.12015354,0.5300022987335057,metformin
metformin,oral submucous fibrosis,0.0,6e-06,1.0923,2.4e-05,0.0,0,0.12015354,0.5300022987335057,metformin
metformin,"leishmaniasis, visceral",0.0,6e-06,1.0923,2.4e-05,0.0,0,0.12015354,0.5300022987335057,metformin
metformin,hypoparathyroidism,0.0,6e-06,1.0923,2.4e-05,0.0,0,0.12015354,0.5300022987335057,metformin
metformin,"cerebral hemorrhage, traumatic",0.0,6e-06,1.0923,2.4e-05,0.0,0,0.12015354,0.5300022987335057,metformin
metformin,pleural effusion,0.0,6e-06,1.0923,2.4e-05,0.0,0,0.12015354,0.5300022987335057,metformin
metformin,ascites,0.0,6e-06,1.0923,2.4e-05,0.0,0,0.12015354,0.5300022987335057,metformin
metformin,uterine cervical dysplasia,0.0,6e-06,1.0923,2.4e-05,0.0,0,0.12015354,0.5300022987335057,metformin
metformin,glycogen storage disease type ii,0.0,6e-06,1.0923,2.4e-05,0.0,0,0.12015354,0.5300022987335057,metformin
metformin,tinnitus,0.0,6e-06,1.0923,2.4e-05,0.0,0,0.12015354,0.5300022987335057,metformin
metformin,dystonic disorders,0.0,6e-06,1.0923,2.4e-05,0.0,0,0.12015354,0.5300022987335057,metformin
metformin,foot ulcer,0.0,6e-06,1.0923,2.4e-05,0.0,0,0.12015354,0.5300022987335057,metformin
metformin,"neuroma, acoustic",0.1429,1.5e-05,1.0923,2.4e-05,0.0,0,-3.21227221,0.03870650069889939,metformin
metformin,muscular atrophy,0.1429,6e-06,1.0923,2.4e-05,0.0,0,-3.21227446,0.038706416980294395,metformin
metformin,sarcopenia,0.1429,6e-06,1.0923,2.4e-05,0.0,0,-3.21227446,0.038706416980294395,metformin
metformin,prostatic hyperplasia,0.2,1.9e-05,1.0938,4.8e-05,0.0,0,-4.543679170000001,0.010522312947455084,metformin
metformin,gonorrhea,0.2,5.2e-05,1.0933,4.8e-05,0.0,0,-4.543725920000001,0.010521826216579292,metformin
metformin,mycobacterium avium-intracellulare infection,0.2,7.2e-05,1.0932,7.2e-05,0.0,0,-4.54373288,0.010521753755449123,metformin
metformin,bronchial spasm,0.2,7e-05,1.0931,7.2e-05,0.0,0,-4.543744380000001,0.010521634029088848,metformin
metformin,bronchiolitis obliterans,0.2,4.6e-05,1.0931,4.8e-05,0.0,0,-4.54374942,0.010521581558134896,metformin
metformin,candidiasis,0.2,3.9e-05,1.0931,4.8e-05,0.0,0,-4.54375117,0.010521563339114212,metformin
metformin,cryptosporidiosis,0.2,3.2e-05,1.0931,4.8e-05,0.0,0,-4.54375292,0.01052154512012474,metformin
metformin,varicose veins,0.2,4.7e-05,1.093,4.8e-05,0.0,0,-4.5437601700000005,0.010521469641786579,metformin
metformin,"heart defects, congenital",0.2,9.1e-05,1.0929,7.2e-05,0.0,0,-4.543761130000001,0.010521459647453687,metformin
metformin,pulmonary embolism,0.2,5.4e-05,1.0929,4.8e-05,0.0,0,-4.54376942,0.010521373342615648,metformin
metformin,"hypotension, orthostatic",0.2,4.8e-05,1.0929,4.8e-05,0.0,0,-4.543770920000001,0.010521357726616038,metformin
metformin,trigeminal nerve diseases,0.2,3.9e-05,1.0929,4.8e-05,0.0,0,-4.543773170000001,0.010521334302659634,metformin
metformin,diabetic foot,0.2,3.7e-05,1.0928,7.2e-05,0.0,0,-4.54378563,0.010521204586928356,metformin
metformin,abscess,0.2,3.7e-05,1.0928,7.2e-05,0.0,0,-4.54378563,0.010521204586928356,metformin
metformin,wound infection,0.2,3.7e-05,1.0928,7.2e-05,0.0,0,-4.54378563,0.010521204586928356,metformin
metformin,emphysema,0.2,5.6e-05,1.0927,4.8e-05,0.0,0,-4.54379092,0.01052114951547919,metformin
metformin,wilms tumor,0.2,5.1e-05,1.0927,4.8e-05,0.0,0,-4.543792170000001,0.010521136502418484,metformin
metformin,hypersensitivity,0.2,5e-05,1.0927,4.8e-05,0.0,0,-4.543792420000001,0.010521133899808252,metformin
metformin,prostatitis,0.2,3.6e-05,1.0927,4.8e-05,0.0,0,-4.543795920000001,0.01052109746333193,metformin
metformin,thrombocytosis,0.2,2.9e-05,1.0927,2.4e-05,0.0,0,-4.5437967100000005,0.010521089239115976,metformin
metformin,bronchiectasis,0.2,2.3e-05,1.0927,2.4e-05,0.0,0,-4.54379821,0.010521073623533564,metformin
metformin,chronic disease,0.2,2.3e-05,1.0927,2.4e-05,0.0,0,-4.54379821,0.010521073623533564,metformin
metformin,pregnancy in obesity,0.2,2.3e-05,1.0927,2.4e-05,0.0,0,-4.54379821,0.010521073623533564,metformin
metformin,obstetric labor complications,0.2,2.3e-05,1.0927,2.4e-05,0.0,0,-4.54379821,0.010521073623533564,metformin
metformin,"liver failure, acute",0.2,0.000105,1.0925,4.8e-05,0.0,0,-4.54380067,0.010521048014028042,metformin
metformin,low tension glaucoma,0.2,4.8e-05,1.0926,4.8e-05,0.0,0,-4.54380392,0.010521014180426287,metformin
metformin,hypothyroidism,0.2,5.5e-05,1.0925,4.8e-05,0.0,0,-4.543813170000001,0.010520917885379694,metformin
metformin,hypopituitarism,0.2,5.5e-05,1.0925,4.8e-05,0.0,0,-4.543813170000001,0.010520917885379694,metformin
metformin,"sarcoma, kaposi",0.2,2.8e-05,1.0925,2.4e-05,0.0,0,-4.54381896,0.010520857610329408,metformin
metformin,cryptococcosis,0.2,2.6e-05,1.0925,2.4e-05,0.0,0,-4.543819460000001,0.010520852405246094,metformin
metformin,encephalitis,0.2,2.5e-05,1.0925,2.4e-05,0.0,0,-4.54381971,0.010520849802705403,metformin
metformin,"conjunctivitis, allergic",0.2,2.4e-05,1.0925,2.4e-05,0.0,0,-4.54381996,0.010520847200165337,metformin
metformin,blepharitis,0.2,2.4e-05,1.0925,2.4e-05,0.0,0,-4.54381996,0.010520847200165337,metformin
metformin,opportunistic infections,0.2,2.3e-05,1.0925,2.4e-05,0.0,0,-4.543820210000001,0.01052084459762591,metformin
metformin,leg injuries,0.2,4.8e-05,1.0924,2.4e-05,0.0,0,-4.54382496,0.010520795149497856,metformin
metformin,leg ulcer,0.2,2.9e-05,1.0924,2.4e-05,0.0,0,-4.543829710000001,0.01052074570159973,metformin
metformin,pressure ulcer,0.2,2.9e-05,1.0924,2.4e-05,0.0,0,-4.543829710000001,0.01052074570159973,metformin
metformin,"mycobacterium infections, nontuberculous",0.2,2.9e-05,1.0924,2.4e-05,0.0,0,-4.543829710000001,0.01052074570159973,metformin
metformin,eosinophilia,0.2,2.8e-05,1.0924,2.4e-05,0.0,0,-4.543829960000001,0.010520743099085142,metformin
metformin,anhedonia,0.2,2.8e-05,1.0924,2.4e-05,0.0,0,-4.543829960000001,0.010520743099085142,metformin
metformin,"xanthogranuloma, juvenile",0.2,2.7e-05,1.0924,2.4e-05,0.0,0,-4.54383021,0.010520740496571201,metformin
metformin,histiocytic sarcoma,0.2,2.7e-05,1.0924,2.4e-05,0.0,0,-4.54383021,0.010520740496571201,metformin
metformin,"esthesioneuroblastoma, olfactory",0.2,2.7e-05,1.0924,2.4e-05,0.0,0,-4.54383021,0.010520740496571201,metformin
metformin,rhabdoid tumor,0.2,2.7e-05,1.0924,2.4e-05,0.0,0,-4.54383021,0.010520740496571201,metformin
metformin,hyaline membrane disease,0.2,2.4e-05,1.0924,2.4e-05,0.0,0,-4.54383096,0.010520732689033183,metformin
metformin,otitis,0.2,2.4e-05,1.0924,2.4e-05,0.0,0,-4.54383096,0.010520732689033183,metformin
metformin,hantavirus pulmonary syndrome,0.2,2.4e-05,1.0924,2.4e-05,0.0,0,-4.54383096,0.010520732689033183,metformin
metformin,pseudohypoparathyroidism,0.2,2.4e-05,1.0924,2.4e-05,0.0,0,-4.54383096,0.010520732689033183,metformin
metformin,herpes genitalis,0.2,2.3e-05,1.0924,2.4e-05,0.0,0,-4.5438312100000005,0.010520730086521778,metformin
metformin,peanut hypersensitivity,0.2,2.3e-05,1.0924,2.4e-05,0.0,0,-4.5438312100000005,0.010520730086521778,metformin
metformin,food hypersensitivity,0.2,2.3e-05,1.0924,2.4e-05,0.0,0,-4.5438312100000005,0.010520730086521778,metformin
metformin,"bronchitis, chronic",0.2,2.2e-05,1.0924,2.4e-05,0.0,0,-4.543831460000001,0.010520727484011014,metformin
metformin,cachexia,0.2,2.2e-05,1.0924,2.4e-05,0.0,0,-4.543831460000001,0.010520727484011014,metformin
metformin,intracranial hypertension,0.2,4.8e-05,1.0923,2.4e-05,0.0,0,-4.543835960000001,0.010520680638926198,metformin
metformin,"neoplasm recurrence, local",0.2,4.1e-05,1.0923,2.4e-05,0.0,0,-4.543837710000001,0.010520662421448945,metformin
metformin,voice disorders,0.2,3.7e-05,1.0923,2.4e-05,0.0,0,-4.54383871,0.010520652011475966,metformin
metformin,hemorrhagic stroke,0.2,3.5e-05,1.0923,2.4e-05,0.0,0,-4.543839210000001,0.010520646806493289,metformin
metformin,herpes zoster,0.2,3.4e-05,1.0923,2.4e-05,0.0,0,-4.543839460000001,0.010520644204002906,metformin
metformin,alpha 1-antitrypsin deficiency,0.2,3.3e-05,1.0923,2.4e-05,0.0,0,-4.54383971,0.010520641601513168,metformin
metformin,dysbiosis,0.2,3.2e-05,1.0923,2.4e-05,0.0,0,-4.543839960000001,0.010520638999024058,metformin
metformin,"shock, traumatic",0.2,3.2e-05,1.0923,2.4e-05,0.0,0,-4.543839960000001,0.010520638999024058,metformin
metformin,gastroparesis,0.2,2.6e-05,1.0923,2.4e-05,0.0,0,-4.54384146,0.010520623384102794,metformin
metformin,"obstetric labor, premature",0.2,2.6e-05,1.0923,2.4e-05,0.0,0,-4.54384146,0.010520623384102794,metformin
metformin,biliary atresia,0.2,2.6e-05,1.0923,2.4e-05,0.0,0,-4.54384146,0.010520623384102794,metformin
metformin,"lymphoma, t-cell",0.2,2.5e-05,1.0923,2.4e-05,0.0,0,-4.543841710000001,0.010520620781618143,metformin
metformin,machado-joseph disease,0.2,2.5e-05,1.0923,2.4e-05,0.0,0,-4.543841710000001,0.010520620781618143,metformin
metformin,retinoblastoma,0.2,2.4e-05,1.0923,2.4e-05,0.0,0,-4.543841960000001,0.01052061817913413,metformin
metformin,persistent fetal circulation syndrome,0.2,2.4e-05,1.0923,2.4e-05,0.0,0,-4.543841960000001,0.01052061817913413,metformin
metformin,"myoclonic epilepsy, juvenile",0.2,1.9e-05,1.0923,2.4e-05,0.0,0,-4.54384321,0.01052060516672363,metformin
metformin,ureterolithiasis,0.2,1.3e-05,1.0923,2.4e-05,0.0,0,-4.543844710000001,0.010520589551852037,metformin
