drug,disease,run_timestamp,run_log,drug_mapping_method,disease_mapping_method,entity_mapping_quality_score,terminology_quality_flag,records_retrieved,records_usable,records_with_abstracts,records_with_intro,records_with_conclusion,records_excluded_missing_text,records_finally_classified,retrieval_usability_rate,literature_file,therapeutic_count,adverse_count,irrelevant_count,literature_completeness_count,therapeutic_relevance_ratio,adverse_evidence_burden,irrelevant_retrieval_noise_rate,literature_completeness_score,literature_evidence_pattern,gamma_safety_overlap,safety_conflict_score,safety_overlap_term_count,top_safety_overlap_terms,GraphDistanceToIndication,RandomWalkScore,StructuralLikelihood,PreferentialAttachment,KatzSimilarity,structural_consistency_score,evidence_domain_support,p_raw,p_penalised,p_final,cM,p_likelihood,posterior_mean,posterior_variance,posterior_ci_low,posterior_ci_high,credible_interval_width,kl_divergence,mean_shift,evidence_readiness_score,quality_flag
Azithromycin,adenomatous polyps,20251230_135016,runs\run_azithromycin_adenomatous_polyps_20251230_135016.json,mapped_legacy_no_provenance,mapped_legacy_no_provenance,0.75,entities_seen_in_graph_artifacts,1,1,1,0.0,0.0,0,1,1.0,literatures\classified_pubmed_Azithromycin_adenomatous polyps_20251230_135011.json,1,0,0,1,1.0,0.0,0.0,0.201849,sparse_but_clean,0.2,0.2,,,0.2,2.3e-05,1.0172,6e-06,0.0,0.423696,neither,0.999999,0.999999,0.999999,7.842112,0.476413,0.545815,0.0040745,0.419718,0.66901,0.249291,3.947737,-0.351683,68.894,Insufficient evidence
Azithromycin,albuminuria,20251230_135115,runs\run_azithromycin_albuminuria_20251230_135115.json,mapped_legacy_no_provenance,mapped_legacy_no_provenance,0.75,entities_seen_in_graph_artifacts,5,5,5,4.0,5.0,0,5,1.0,literatures\classified_pubmed_Azithromycin_albuminuria_20251230_135110.json,1,0,4,5,0.2,0.0,0.8,0.521772,dominated_by_irrelevant_articles,0.2,0.2,,,0.2,0.000141,1.019,2.9e-05,0.0,0.573458,neither,0.2,0.2,0.2,36.253849,0.476368,0.363374,0.00259186,0.2668,0.465815,0.199014,2.214651,0.147689,64.693,Literature noise dominated
Azithromycin,body weight,20251230_134952,runs\run_azithromycin_body_weight_20251230_134952.json,mapped_legacy_no_provenance,mapped_legacy_no_provenance,0.75,entities_seen_in_graph_artifacts,150,150,150,44.0,48.0,0,150,1.0,literatures\classified_pubmed_Azithromycin_body weight_20251230_134945.json,45,16,89,150,0.3,0.106667,0.593333,1.0,safety_concerning,0.8,0.8,,,0.2,4.3e-05,1.0175,1.2e-05,0.0,0.478066,literature_only,0.3,0.086667,0.052,199.50425,0.476405,0.139936,0.00047664,0.099955,0.185336,0.085381,7.510532,0.083489,65.174,Safety-concerning
Azithromycin,"constriction, pathologic",20251230_133738,"runs\run_azithromycin_constriction,_pathologic_20251230_133738.json",mapped_legacy_no_provenance,mapped_legacy_no_provenance,0.75,entities_seen_in_graph_artifacts,1,1,1,0.0,0.0,0,1,1.0,"literatures\classified_pubmed_Azithromycin_constriction, pathologic_20251230_133734.json",1,0,0,1,1.0,0.0,0.0,0.201849,sparse_but_clean,0.2,0.2,,,0.2,4.7e-05,1.0189,1.2e-05,0.0,0.488501,neither,0.999999,0.999999,0.999999,7.842112,0.476365,0.545776,0.00407456,0.419679,0.668972,0.249293,3.948308,-0.351722,69.866,Insufficient evidence
Azithromycin,frailty,20251230_133520,runs\run_azithromycin_frailty_20251230_133520.json,mapped_legacy_no_provenance,mapped_legacy_no_provenance,0.75,entities_seen_in_graph_artifacts,3,3,3,1.0,2.0,0,3,1.0,literatures\classified_pubmed_Azithromycin_frailty_20251230_133515.json,2,0,1,3,0.666667,0.0,0.333333,0.403698,safety_concerning,0.75,0.75,,,0.2,8e-05,1.019,1.7e-05,0.0,0.529833,neither,0.666667,0.666667,0.416667,22.615913,0.476364,0.458904,0.00328385,0.347962,0.571933,0.223972,0.29343,0.035466,60.643,Safety-concerning
Azithromycin,gout,20251230_133835,runs\run_azithromycin_gout_20251230_133835.json,mapped_legacy_no_provenance,mapped_legacy_no_provenance,0.75,entities_seen_in_graph_artifacts,4,4,4,3.0,3.0,0,4,1.0,literatures\classified_pubmed_Azithromycin_gout_20251230_133831.json,1,1,2,4,0.25,0.25,0.5,0.468679,abundant_but_conflicting,0.1,0.1,,,0.2,4.3e-05,1.0176,1.2e-05,0.0,0.478428,neither,0.25,1e-06,1e-06,29.571242,0.476402,0.304276,0.00256375,0.209919,0.407722,0.197803,8.924844,0.271637,65.99,Literature-conflicted
Azithromycin,pregnancy in diabetics,20251230_133759,runs\run_azithromycin_pregnancy_in_diabetics_20251230_133759.json,mapped_legacy_no_provenance,mapped_legacy_no_provenance,0.75,entities_seen_in_graph_artifacts,1,1,1,0.0,0.0,0,1,1.0,literatures\classified_pubmed_Azithromycin_pregnancy in diabetics_20251230_133755.json,0,0,1,1,0.0,0.0,1.0,0.201849,sparse_evidence,0.2,0.2,,,0.2,6.6e-05,1.0185,1.7e-05,0.0,0.514287,neither,1e-06,1e-06,1e-06,7.842112,0.476378,0.41474,0.00398952,0.294116,0.540764,0.246648,3.403404,0.312238,55.292,Insufficient evidence
Azithromycin,squamous cell carcinoma of head and neck,20251230_133443,runs\run_azithromycin_squamous_cell_carcinoma_of_head_and_neck_20251230_133443.json,mapped_legacy_no_provenance,mapped_legacy_no_provenance,0.75,entities_seen_in_graph_artifacts,2,2,2,2.0,2.0,0,2,1.0,literatures\classified_pubmed_Azithromycin_squamous cell carcinoma of head and neck_20251230_133439.json,1,0,1,2,0.5,0.0,0.5,0.319923,sparse_evidence,0.2,0.2,,,0.2,0.000264,1.0218,6.4e-05,0.0,0.622206,network_only,0.5,0.5,0.5,15.376731,0.476295,0.482408,0.00365169,0.364847,0.600959,0.236112,0.324906,-0.017592,66.34,Sparse literature; structurally plausible
Azithromycin,ureterolithiasis,20251230_133416,runs\run_azithromycin_ureterolithiasis_20251230_133416.json,mapped_legacy_no_provenance,mapped_legacy_no_provenance,0.75,entities_seen_in_graph_artifacts,2,2,2,1.0,1.0,0,2,1.0,literatures\classified_pubmed_Azithromycin_ureterolithiasis_20251230_133412.json,0,0,2,2,0.0,0.0,1.0,0.319923,sparse_evidence,0.2,0.2,,,0.1429,9e-06,1.0143,6e-06,0.0,0.327544,neither,1e-06,1e-06,1e-06,15.376731,0.47486,0.367234,0.00339843,0.257122,0.484814,0.227691,5.7166,0.308745,54.547,Insufficient evidence
Azithromycin,venous thrombosis,20251230_133713,runs\run_azithromycin_venous_thrombosis_20251230_133713.json,mapped_legacy_no_provenance,mapped_legacy_no_provenance,0.75,entities_seen_in_graph_artifacts,16,16,16,10.0,9.0,0,16,1.0,literatures\classified_pubmed_Azithromycin_venous thrombosis_20251230_133708.json,3,4,9,16,0.1875,0.25,0.5625,0.825051,safety_concerning,0.8,0.8,,,0.2,0.000123,1.0188,3.5e-05,0.0,0.565764,literature_only,0.1875,1e-06,1e-06,94.541515,0.476372,0.169363,0.00095349,0.11331,0.233954,0.120644,15.020084,0.15803,62.365,Safety-conflicted evidence
dexamethasone,COVID-19,20251229_141112,runs\run_dexamethasone_covid-19_20251229_141112.json,mapped_legacy_no_provenance,mapped_legacy_no_provenance,0.75,entities_seen_in_graph_artifacts,150,150,150,0.0,0.0,0,150,1.0,literatures\classified_pubmed_dexamethasone_COVID-19_20251229_141106.json,96,21,33,150,0.64,0.14,0.22,1.0,safety_concerning,0.85,0.85,,,0.3333,0.000832,1.079,0.000374,3e-06,0.919438,literature_and_network,0.64,0.36,0.207,199.50425,0.478499,0.263305,0.00076821,0.210832,0.319343,0.108512,1.591935,0.053397,75.964,Safety-concerning
Hydroxychloroquine,Acute eosinophilic leukemia,20251229_200340,runs\run_hydroxychloroquine_acute_eosinophilic_leukemia_20251229_200340.json,not_captured,not_captured,0.5,not_found_in_local_mapping_artifacts,0,0,0,,,0,0,0.0,,0,0,0,0,0.0,0.0,0.0,0.0,no_literature_retrieved,,,,,,,,,,,neither,0.5,0.5,0.5,0.0,0.5,0.5,0.00471698,0.365957,0.634043,0.268086,1.25763,0.0,50.979,Terminology uncertainty
Hydroxychloroquine,Acute myeloid leukemia,20251229_200339,runs\run_hydroxychloroquine_acute_myeloid_leukemia_20251229_200339.json,not_captured,not_captured,0.5,not_found_in_local_mapping_artifacts,7,7,7,0.0,0.0,0,7,1.0,literatures\classified_pubmed_Hydroxychloroquine_Acute myeloid leukemia_20251229_200335.json,4,0,3,7,0.571429,0.0,0.428571,0.605547,therapeutically_relevant_literature,0.2,0.2,,,,,,,,,literature_only,0.571429,0.571429,0.571429,48.843252,0.5,0.534596,0.002443,0.43728,0.630612,0.193333,0.219257,-0.034023,59.255,Terminology uncertainty
Hydroxychloroquine,Chondrosarcoma,20251229_200321,runs\run_hydroxychloroquine_chondrosarcoma_20251229_200321.json,mapped_legacy_no_provenance,mapped_legacy_no_provenance,0.75,entities_seen_in_graph_artifacts,0,0,0,,,0,0,0.0,,0,0,0,0,0.0,0.0,0.0,0.0,no_literature_retrieved,,,,,0.3333,4.7e-05,1.0207,8e-06,0.0,0.601287,network_only,0.5,0.5,0.5,0.0,0.480132,0.480896,0.0047101,0.347649,0.615536,0.267887,1.258399,-0.019104,63.751,Sparse literature; structurally plausible
Hydroxychloroquine,Colorectal cancer,20251229_194105,runs\run_hydroxychloroquine_colorectal_cancer_20251229_194105.json,not_captured,not_captured,0.5,not_found_in_local_mapping_artifacts,25,25,25,0.0,0.0,0,25,1.0,literatures\classified_pubmed_Hydroxychloroquine_Colorectal cancer_20251229_194100.json,13,2,10,25,0.52,0.08,0.4,0.948779,therapeutically_relevant_literature,0.2,0.2,,,,,,,,,literature_only,0.52,0.36,0.36,126.424112,0.5,0.400802,0.0013385,0.33024,0.47347,0.14323,0.436026,0.038621,64.783,Terminology uncertainty
Hydroxychloroquine,Esophageal squamous cell carcinoma,20251229_200322,runs\run_hydroxychloroquine_esophageal_squamous_cell_carcinoma_20251229_200322.json,mapped_legacy_no_provenance,mapped_legacy_no_provenance,0.75,entities_seen_in_graph_artifacts,0,0,0,,,0,0,0.0,,0,0,0,0,0.0,0.0,0.0,0.0,no_literature_retrieved,,,,,0.3333,0.000103,1.0208,1.6e-05,0.0,0.666478,network_only,0.5,0.5,0.5,0.0,0.480132,0.480896,0.0047101,0.347649,0.615537,0.267887,1.258399,-0.019104,64.729,Sparse literature; structurally plausible
Hydroxychloroquine,Ewing sarcoma,20251229_200309,runs\run_hydroxychloroquine_ewing_sarcoma_20251229_200309.json,not_captured,not_captured,0.5,not_found_in_local_mapping_artifacts,0,0,0,,,0,0,0.0,,0,0,0,0,0.0,0.0,0.0,0.0,no_literature_retrieved,,,,,,,,,,,neither,0.5,0.5,0.5,0.0,0.5,0.5,0.00471698,0.365957,0.634043,0.268086,1.25763,0.0,50.979,Terminology uncertainty
Hydroxychloroquine,Gastric cancer,20251229_194120,runs\run_hydroxychloroquine_gastric_cancer_20251229_194120.json,not_captured,not_captured,0.5,not_found_in_local_mapping_artifacts,8,8,8,0.0,0.0,0,8,1.0,literatures\classified_pubmed_Hydroxychloroquine_Gastric cancer_20251229_194116.json,3,0,5,8,0.375,0.0,0.625,0.639846,mixed_or_limited_signal,0.2,0.2,,,,,,,,,literature_only,0.375,0.375,0.375,54.770193,0.5,0.435878,0.0022816,0.34359,0.530443,0.186853,0.469411,0.056475,56.92,Terminology uncertainty
Hydroxychloroquine,Gastrointestinal stromal tumors (GIST),20251229_200354,runs\run_hydroxychloroquine_gastrointestinal_stromal_tumors_(gist)_20251229_200354.json,not_captured,not_captured,0.5,not_found_in_local_mapping_artifacts,0,0,0,,,0,0,0.0,,0,0,0,0,0.0,0.0,0.0,0.0,no_literature_retrieved,,,,,,,,,,,neither,0.5,0.5,0.5,0.0,0.5,0.5,0.00471698,0.365957,0.634043,0.268086,1.25763,0.0,50.979,Terminology uncertainty
Hydroxychloroquine,Hepatocellular carcinoma,20251229_193912,runs\run_hydroxychloroquine_hepatocellular_carcinoma_20251229_193912.json,not_captured,not_captured,0.5,not_found_in_local_mapping_artifacts,18,18,18,0.0,0.0,0,18,1.0,literatures\classified_pubmed_Hydroxychloroquine_Hepatocellular carcinoma_20251229_193906.json,10,0,8,18,0.555556,0.0,0.444444,0.85744,safety_concerning,0.75,0.75,,,,,,,,,literature_only,0.555556,0.555556,0.347222,102.649549,0.5,0.398593,0.0015401,0.323032,0.476639,0.153607,0.566621,0.048451,55.141,Terminology uncertainty
Hydroxychloroquine,Kaposi sarcoma,20251229_200320,runs\run_hydroxychloroquine_kaposi_sarcoma_20251229_200320.json,not_captured,not_captured,0.5,not_found_in_local_mapping_artifacts,1,1,1,0.0,0.0,0,1,1.0,literatures\classified_pubmed_Hydroxychloroquine_Kaposi sarcoma_20251229_200317.json,0,0,1,1,0.0,0.0,1.0,0.201849,sparse_evidence,0.2,0.2,,,,,,,,,neither,1e-06,1e-06,1e-06,7.842112,0.5,0.434477,0.00403843,0.312466,0.560639,0.248173,3.669997,0.331975,43.805,Terminology uncertainty
Hydroxychloroquine,Lung cancer,20251229_194031,runs\run_hydroxychloroquine_lung_cancer_20251229_194031.json,not_captured,not_captured,0.5,not_found_in_local_mapping_artifacts,50,50,50,0.0,0.0,0,50,1.0,literatures\classified_pubmed_Hydroxychloroquine_Lung cancer_20251229_194026.json,25,3,22,50,0.5,0.06,0.44,1.0,safety_concerning,0.75,0.75,,,,,,,,,literature_only,0.5,0.38,0.2375,172.932943,0.5,0.298185,0.00092625,0.240308,0.35946,0.119152,1.489196,0.057684,57.263,Terminology uncertainty
Hydroxychloroquine,Marginal zone B-cell lymphoma,20251229_200353,runs\run_hydroxychloroquine_marginal_zone_b-cell_lymphoma_20251229_200353.json,not_captured,not_captured,0.5,not_found_in_local_mapping_artifacts,1,1,1,0.0,0.0,0,1,1.0,literatures\classified_pubmed_Hydroxychloroquine_Marginal zone B-cell lymphoma_20251229_200348.json,1,0,0,1,1.0,0.0,0.0,0.201849,sparse_but_clean,0.75,0.75,,,,,,,,,neither,0.999999,0.999999,0.625,7.842112,0.5,0.516381,0.00410459,0.390752,0.640972,0.250221,0.66023,-0.083218,50.524,Terminology uncertainty
Hydroxychloroquine,Melanoma,20251229_194238,runs\run_hydroxychloroquine_melanoma_20251229_194238.json,mapped_legacy_no_provenance,mapped_legacy_no_provenance,0.75,entities_seen_in_graph_artifacts,41,41,41,0.0,0.0,0,41,1.0,literatures\classified_pubmed_Hydroxychloroquine_Melanoma_20251229_194235.json,18,2,21,41,0.439024,0.04878,0.512195,1.0,mixed_or_limited_signal,0.2,0.2,,,0.3333,0.00068,1.0313,9.4e-05,1e-06,0.887409,literature_and_network,0.439024,0.341463,0.341463,161.203992,0.479865,0.375408,0.00109464,0.311741,0.44129,0.129549,0.383845,0.032002,81.447,High evidence quality
Hydroxychloroquine,Neuroendocrine carcinoma,20251229_200323,runs\run_hydroxychloroquine_neuroendocrine_carcinoma_20251229_200323.json,not_captured,not_captured,0.5,not_found_in_local_mapping_artifacts,0,0,0,,,0,0,0.0,,0,0,0,0,0.0,0.0,0.0,0.0,no_literature_retrieved,,,,,,,,,,,neither,0.5,0.5,0.5,0.0,0.5,0.5,0.00471698,0.365957,0.634043,0.268086,1.25763,0.0,50.979,Terminology uncertainty
Hydroxychloroquine,Ovarian cancer,20251229_193937,runs\run_hydroxychloroquine_ovarian_cancer_20251229_193937.json,not_captured,not_captured,0.5,not_found_in_local_mapping_artifacts,16,16,16,0.0,0.0,0,16,1.0,literatures\classified_pubmed_Hydroxychloroquine_Ovarian cancer_20251229_193933.json,7,1,8,16,0.4375,0.0625,0.5,0.825051,mixed_or_limited_signal,0.6,0.6,,,,,,,,,literature_only,0.4375,0.3125,0.21875,94.541515,0.5,0.318551,0.00147129,0.245854,0.395939,0.150085,2.189732,0.093975,55.499,Terminology uncertainty
Hydroxychloroquine,Pancreatic cancer,20251229_193842,runs\run_hydroxychloroquine_pancreatic_cancer_20251229_193842.json,not_captured,not_captured,0.5,not_found_in_local_mapping_artifacts,44,44,44,0.0,0.0,0,44,1.0,literatures\classified_pubmed_Hydroxychloroquine_Pancreatic cancer_20251229_193838.json,24,3,17,44,0.545455,0.068182,0.386364,1.0,therapeutically_relevant_literature,0.2,0.2,,,,,,,,,literature_only,0.545455,0.409091,0.409091,165.591027,0.5,0.430816,0.00112179,0.36584,0.496998,0.131158,0.164195,0.020641,66.055,Terminology uncertainty
Hydroxychloroquine,Peripheral T-cell lymphoma,20251229_200341,runs\run_hydroxychloroquine_peripheral_t-cell_lymphoma_20251229_200341.json,not_captured,not_captured,0.5,not_found_in_local_mapping_artifacts,0,0,0,,,0,0,0.0,,0,0,0,0,0.0,0.0,0.0,0.0,no_literature_retrieved,,,,,,,,,,,neither,0.5,0.5,0.5,0.0,0.5,0.5,0.00471698,0.365957,0.634043,0.268086,1.25763,0.0,50.979,Terminology uncertainty
Hydroxychloroquine,Prostate cancer,20251229_194153,runs\run_hydroxychloroquine_prostate_cancer_20251229_194153.json,not_captured,not_captured,0.5,not_found_in_local_mapping_artifacts,7,7,7,0.0,0.0,0,7,1.0,literatures\classified_pubmed_Hydroxychloroquine_Prostate cancer_20251229_194150.json,4,1,2,7,0.571429,0.142857,0.285714,0.605547,therapeutically_relevant_literature,0.2,0.2,,,,,,,,,literature_only,0.571429,0.285714,0.285714,48.843252,0.5,0.396211,0.00234898,0.303386,0.492936,0.18955,1.295595,0.102068,60.026,Terminology uncertainty
Hydroxychloroquine,Triple-negative breast cancer,20251229_194138,runs\run_hydroxychloroquine_triple-negative_breast_cancer_20251229_194138.json,not_captured,not_captured,0.5,not_found_in_local_mapping_artifacts,10,10,10,0.0,0.0,0,10,1.0,literatures\classified_pubmed_Hydroxychloroquine_Triple-negative breast cancer_20251229_194133.json,7,1,2,10,0.7,0.1,0.2,0.698283,safety_concerning,0.7,0.7,,,,,,,,,literature_only,0.7,0.5,0.325,65.935991,0.5,0.40216,0.00202149,0.315781,0.491684,0.175903,0.839937,0.072009,55.836,Terminology uncertainty
Levodopa,adenomatous polyposis coli,20251230_131517,runs\run_levodopa_adenomatous_polyposis_coli_20251230_131517.json,mapped_legacy_no_provenance,mapped_legacy_no_provenance,0.75,entities_seen_in_graph_artifacts,1,1,1,1.0,1.0,0,1,1.0,literatures\classified_pubmed_Levodopa_adenomatous polyposis coli_20251230_131513.json,0,0,1,1,0.0,0.0,1.0,0.201849,sparse_evidence,0.2,0.2,,,0.1429,1.5e-05,1.001,0.0,0.0,0.12749,neither,1e-06,1e-06,1e-06,7.842112,0.475244,0.413792,0.00398685,0.29324,0.539805,0.246564,3.390884,0.31129,49.492,Insufficient evidence
Levodopa,cardiovascular diseases,20251230_132457,runs\run_levodopa_cardiovascular_diseases_20251230_132457.json,mapped_legacy_no_provenance,mapped_legacy_no_provenance,0.75,entities_seen_in_graph_artifacts,142,142,142,45.0,46.0,0,142,1.0,literatures\classified_pubmed_Levodopa_cardiovascular diseases_20251230_132452.json,32,29,81,142,0.225352,0.204225,0.570423,1.0,safety_concerning,0.2,0.2,,,0.2,0.002228,1.0637,2e-05,0.0,0.697041,literature_and_network,0.225352,1e-06,1e-06,199.317288,0.47521,0.098524,0.000352,0.064895,0.138193,0.073299,17.77637,0.092594,77.008,Literature-conflicted
Levodopa,hodgkin disease,20251230_132517,runs\run_levodopa_hodgkin_disease_20251230_132517.json,mapped_legacy_no_provenance,mapped_legacy_no_provenance,0.75,entities_seen_in_graph_artifacts,1,1,1,1.0,1.0,0,1,1.0,literatures\classified_pubmed_Levodopa_hodgkin disease_20251230_132513.json,0,0,1,1,0.0,0.0,1.0,0.201849,sparse_evidence,0.1,0.1,,,0.2,0.000258,1.0156,5e-06,0.0,0.566688,neither,1e-06,1e-06,1e-06,7.842112,0.476473,0.414819,0.00398974,0.29419,0.540845,0.246655,3.404458,0.312317,57.578,Insufficient evidence
Levodopa,mediastinal neoplasms,20251230_132521,runs\run_levodopa_mediastinal_neoplasms_20251230_132521.json,mapped_legacy_no_provenance,mapped_legacy_no_provenance,0.75,entities_seen_in_graph_artifacts,0,0,0,,,0,0,0.0,,0,0,0,0,0.0,0.0,0.0,0.0,no_literature_retrieved,,,,,0.2,0.000219,1.0179,4e-06,0.0,0.561137,neither,0.5,0.5,0.5,0.0,0.476405,0.477312,0.00470727,0.344236,0.612042,0.267806,1.258715,-0.022688,63.15,Insufficient evidence
Levodopa,pleural effusion,20251230_132529,runs\run_levodopa_pleural_effusion_20251230_132529.json,mapped_legacy_no_provenance,mapped_legacy_no_provenance,0.75,entities_seen_in_graph_artifacts,0,0,0,,,0,0,0.0,,0,0,0,0,0.0,0.0,0.0,0.0,no_literature_retrieved,,,,,0.0,6e-06,1.0007,0.0,0.0,0.107164,neither,0.5,0.5,0.5,0.0,0.471162,0.472271,0.00470247,0.339448,0.607116,0.267668,1.259251,-0.027729,56.342,Insufficient evidence
Levodopa,prostatic hyperplasia,20251230_131452,runs\run_levodopa_prostatic_hyperplasia_20251230_131452.json,mapped_legacy_no_provenance,mapped_legacy_no_provenance,0.75,entities_seen_in_graph_artifacts,0,0,0,,,0,0,0.0,,0,0,0,0,0.0,0.0,0.0,0.0,no_literature_retrieved,,,,,0.1429,2.1e-05,1.0021,1e-06,0.0,0.166939,neither,0.5,0.5,0.5,0.0,0.475212,0.476166,0.00470626,0.343146,0.610923,0.267777,1.258827,-0.023834,57.237,Insufficient evidence
Levodopa,salivary gland neoplasms,20251230_131456,runs\run_levodopa_salivary_gland_neoplasms_20251230_131456.json,mapped_legacy_no_provenance,mapped_legacy_no_provenance,0.75,entities_seen_in_graph_artifacts,0,0,0,,,0,0,0.0,,0,0,0,0,0.0,0.0,0.0,0.0,no_literature_retrieved,,,,,0.1429,1.4e-05,1.0014,0.0,0.0,0.130967,neither,0.5,0.5,0.5,0.0,0.475232,0.476185,0.00470628,0.343164,0.610942,0.267777,1.258826,-0.023815,56.698,Insufficient evidence
Levodopa,sarcopenia,20251230_132656,runs\run_levodopa_sarcopenia_20251230_132656.json,mapped_legacy_no_provenance,mapped_legacy_no_provenance,0.75,entities_seen_in_graph_artifacts,12,12,12,8.0,8.0,0,12,1.0,literatures\classified_pubmed_Levodopa_sarcopenia_20251230_132652.json,2,1,9,12,0.166667,0.083333,0.75,0.74693,dominated_by_irrelevant_articles,0.75,0.75,,,0.1111,6e-06,1.0007,0.0,0.0,0.113471,neither,0.166667,1e-06,1e-06,76.243322,0.474341,0.192736,0.00120385,0.129491,0.26505,0.135559,13.919791,0.17898,53.789,Safety-concerning
Levodopa,tinnitus,20251230_132525,runs\run_levodopa_tinnitus_20251230_132525.json,mapped_legacy_no_provenance,mapped_legacy_no_provenance,0.75,entities_seen_in_graph_artifacts,0,0,0,,,0,0,0.0,,0,0,0,0,0.0,0.0,0.0,0.0,no_literature_retrieved,,,,,0.0,6e-06,1.0007,0.0,0.0,0.107164,neither,0.5,0.5,0.5,0.0,0.471162,0.472271,0.00470247,0.339448,0.607116,0.267668,1.259251,-0.027729,56.342,Insufficient evidence
Levodopa,trigeminal nerve diseases,20251230_131500,runs\run_levodopa_trigeminal_nerve_diseases_20251230_131500.json,mapped_legacy_no_provenance,mapped_legacy_no_provenance,0.75,entities_seen_in_graph_artifacts,0,0,0,,,0,0,0.0,,0,0,0,0,0.0,0.0,0.0,0.0,no_literature_retrieved,,,,,0.1429,4.8e-05,1.0013,1e-06,0.0,0.207466,neither,0.5,0.5,0.5,0.0,0.475237,0.476189,0.00470628,0.343169,0.610946,0.267778,1.258825,-0.023811,57.845,Insufficient evidence
metformin,ascites,20251230_115653,runs\run_metformin_ascites_20251230_115653.json,mapped_legacy_no_provenance,mapped_legacy_no_provenance,0.75,entities_seen_in_graph_artifacts,19,19,19,9.0,9.0,0,19,1.0,literatures\classified_pubmed_metformin_ascites_20251230_115649.json,10,0,9,19,0.526316,0.0,0.473684,0.872377,therapeutically_relevant_literature,0.2,0.2,,,0.0,6e-06,1.0923,2.4e-05,0.0,0.390066,literature_only,0.526316,0.526316,0.526316,106.466715,0.468529,0.507751,0.00156735,0.430168,0.585148,0.15498,0.103828,-0.01808,72.757,Moderate evidence quality
metformin,bacteremia,20251229_222550,runs\run_metformin_bacteremia_20251229_222550.json,mapped_legacy_no_provenance,mapped_legacy_no_provenance,0.75,entities_seen_in_graph_artifacts,3,3,3,0.0,0.0,0,3,1.0,literatures\classified_pubmed_metformin_bacteremia_20251229_222545.json,2,0,1,3,0.666667,0.0,0.333333,0.403698,therapeutically_relevant_literature,0.2,0.2,,,0.0,6e-06,1.0923,2.4e-05,0.0,0.390066,neither,0.666667,0.666667,0.666667,22.615913,0.468529,0.529428,0.00329473,0.416507,0.640853,0.224346,1.039626,-0.123698,66.791,Moderate evidence quality
metformin,Chronic Kidney Disease,20251229_112214,runs\run_metformin_chronic_kidney_disease_20251229_112214.json,not_captured,not_captured,0.5,not_found_in_local_mapping_artifacts,147,147,147,0.0,0.0,0,147,1.0,literatures\classified_pubmed_metformin_Chronic Kidney Disease_20251229_112209.json,79,24,44,147,0.537415,0.163265,0.29932,1.0,safety_concerning,0.75,0.75,,,,,,,,,literature_only,0.537415,0.210884,0.131803,199.441043,0.5,0.207949,0.00065245,0.160163,0.260134,0.099971,3.635043,0.07249,58.628,Terminology uncertainty
metformin,dystonic disorders,20251229_222636,runs\run_metformin_dystonic_disorders_20251229_222636.json,mapped_legacy_no_provenance,mapped_legacy_no_provenance,0.75,entities_seen_in_graph_artifacts,0,0,0,,,0,0,0.0,,0,0,0,0,0.0,0.0,0.0,0.0,no_literature_retrieved,,,,,0.0,6e-06,1.0923,2.4e-05,0.0,0.390066,neither,0.5,0.5,0.5,0.0,0.468529,0.469739,0.0046997,0.337049,0.604637,0.267588,1.259562,-0.030261,60.587,Insufficient evidence
metformin,foot ulcer,20251230_120013,runs\run_metformin_foot_ulcer_20251230_120013.json,mapped_legacy_no_provenance,mapped_legacy_no_provenance,0.75,entities_seen_in_graph_artifacts,30,30,30,17.0,17.0,0,30,1.0,literatures\classified_pubmed_metformin_foot ulcer_20251230_120008.json,14,2,14,30,0.466667,0.066667,0.466667,1.0,therapeutically_relevant_literature,0.2,0.2,,,0.0,6e-06,1.0923,2.4e-05,0.0,0.390066,literature_only,0.466667,0.333333,0.333333,139.761158,0.468529,0.370323,0.0012097,0.303519,0.439688,0.136169,0.398765,0.034638,74.392,Moderate evidence quality
metformin,gonorrhea,20251230_115730,runs\run_metformin_gonorrhea_20251230_115730.json,mapped_legacy_no_provenance,mapped_legacy_no_provenance,0.75,entities_seen_in_graph_artifacts,0,0,0,,,0,0,0.0,,0,0,0,0,0.0,0.0,0.0,0.0,no_literature_retrieved,,,,,0.2,5.2e-05,1.0933,4.8e-05,0.0,0.544878,neither,0.5,0.5,0.5,0.0,0.474224,0.475215,0.00470539,0.342243,0.609995,0.267752,1.258925,-0.024785,62.907,Insufficient evidence
metformin,hypersensitivity,20251230_122626,runs\run_metformin_hypersensitivity_20251230_122626.json,mapped_legacy_no_provenance,mapped_legacy_no_provenance,0.75,entities_seen_in_graph_artifacts,101,101,101,46.0,45.0,0,101,1.0,literatures\classified_pubmed_metformin_hypersensitivity_20251230_122622.json,40,16,45,101,0.39604,0.158416,0.445545,1.0,therapeutically_relevant_literature,0.2,0.2,,,0.2,5e-05,1.0927,4.8e-05,0.0,0.542424,literature_only,0.39604,0.079208,0.079208,196.480506,0.474241,0.162085,0.00054438,0.119022,0.210296,0.091274,5.466626,0.078637,76.75,High evidence quality
metformin,mania,20251230_121635,runs\run_metformin_mania_20251230_121635.json,mapped_legacy_no_provenance,mapped_legacy_no_provenance,0.75,entities_seen_in_graph_artifacts,34,34,34,20.0,20.0,0,34,1.0,literatures\classified_pubmed_metformin_mania_20251230_121630.json,18,2,14,34,0.529412,0.058824,0.411765,1.0,therapeutically_relevant_literature,0.2,0.2,,,0.0,6e-06,1.0923,2.4e-05,0.0,0.390066,literature_only,0.529412,0.411765,0.411765,148.667845,0.468529,0.426788,0.00121308,0.35929,0.495669,0.136379,0.079523,0.013852,75.291,High evidence quality
metformin,maple syrup urine disease,20251229_222632,runs\run_metformin_maple_syrup_urine_disease_20251229_222632.json,mapped_legacy_no_provenance,mapped_legacy_no_provenance,0.75,entities_seen_in_graph_artifacts,2,2,2,0.0,0.0,0,2,1.0,literatures\classified_pubmed_metformin_maple syrup urine disease_20251229_222628.json,2,0,0,2,1.0,0.0,0.0,0.319923,sparse_but_clean,0.1,0.1,,,0.0,6e-06,1.0923,2.4e-05,0.0,0.390066,neither,0.999999,0.999999,0.999999,15.376731,0.468529,0.590755,0.00353576,0.472055,0.70435,0.232295,6.76523,-0.350756,71.915,Insufficient evidence
metformin,mitochondrial diseases,20251230_122922,runs\run_metformin_mitochondrial_diseases_20251230_122922.json,mapped_legacy_no_provenance,mapped_legacy_no_provenance,0.75,entities_seen_in_graph_artifacts,35,35,35,22.0,19.0,0,35,1.0,literatures\classified_pubmed_metformin_mitochondrial diseases_20251230_122918.json,14,12,9,35,0.4,0.342857,0.257143,1.0,abundant_but_conflicting,0.2,0.2,,,0.0,6e-06,1.0925,4.8e-05,0.0,0.395234,literature_only,0.4,1e-06,1e-06,150.680607,0.468523,0.120516,0.00052038,0.079497,0.168617,0.08912,16.596638,0.112997,75.556,Literature-conflicted
metformin,muscular atrophy,20251230_120809,runs\run_metformin_muscular_atrophy_20251230_120809.json,mapped_legacy_no_provenance,mapped_legacy_no_provenance,0.75,entities_seen_in_graph_artifacts,99,99,99,49.0,45.0,0,99,1.0,literatures\classified_pubmed_metformin_muscular atrophy_20251230_120805.json,51,15,33,99,0.515152,0.151515,0.333333,1.0,safety_concerning,0.7,0.7,,,0.1429,6e-06,1.0923,2.4e-05,0.0,0.40028,literature_only,0.515152,0.212121,0.137879,196.187377,0.472616,0.208233,0.00066164,0.160124,0.260795,0.100671,3.000817,0.0667,68.729,Moderate evidence quality
metformin,"neuroma, acoustic",20251230_115726,"runs\run_metformin_neuroma,_acoustic_20251230_115726.json",mapped_legacy_no_provenance,mapped_legacy_no_provenance,0.75,entities_seen_in_graph_artifacts,5,5,5,0.0,0.0,0,5,1.0,"literatures\classified_pubmed_metformin_neuroma, acoustic_20251230_115722.json",4,0,1,5,0.8,0.0,0.2,0.521772,therapeutically_relevant_literature,0.2,0.2,,,0.1429,1.5e-05,1.0923,2.4e-05,0.0,0.407737,literature_only,0.8,0.8,0.8,36.253849,0.472616,0.607723,0.00267099,0.504383,0.706437,0.202054,2.995686,-0.176592,71.162,Moderate evidence quality
metformin,paronychia,20251229_222620,runs\run_metformin_paronychia_20251229_222620.json,mapped_legacy_no_provenance,mapped_legacy_no_provenance,0.75,entities_seen_in_graph_artifacts,0,0,0,,,0,0,0.0,,0,0,0,0,0.0,0.0,0.0,0.0,no_literature_retrieved,,,,,0.0,6e-06,1.0923,2.4e-05,0.0,0.390066,neither,0.5,0.5,0.5,0.0,0.468529,0.469739,0.0046997,0.337049,0.604637,0.267588,1.259562,-0.030261,60.587,Insufficient evidence
metformin,pulmonary embolism,20251230_121353,runs\run_metformin_pulmonary_embolism_20251230_121353.json,mapped_legacy_no_provenance,mapped_legacy_no_provenance,0.75,entities_seen_in_graph_artifacts,70,70,70,43.0,44.0,0,70,1.0,literatures\classified_pubmed_metformin_pulmonary embolism_20251230_121349.json,28,6,36,70,0.4,0.085714,0.514286,1.0,mixed_or_limited_signal,0.2,0.2,,,0.2,5.4e-05,1.0929,4.8e-05,0.0,0.547274,literature_only,0.4,0.228571,0.228571,187.837987,0.474236,0.282049,0.0008408,0.227008,0.340533,0.113525,1.284708,0.050618,76.185,High evidence quality
metformin,tinnitus,20251229_222650,runs\run_metformin_tinnitus_20251229_222650.json,mapped_legacy_no_provenance,mapped_legacy_no_provenance,0.75,entities_seen_in_graph_artifacts,3,3,3,0.0,0.0,0,3,1.0,literatures\classified_pubmed_metformin_tinnitus_20251229_222646.json,1,0,2,3,0.333333,0.0,0.666667,0.403698,mixed_or_limited_signal,0.2,0.2,,,0.0,6e-06,1.0923,2.4e-05,0.0,0.390066,neither,0.333333,0.333333,0.333333,22.615913,0.468529,0.428395,0.00323838,0.319013,0.541414,0.222401,0.597259,0.08152,61.82,Moderate evidence quality
metformin,uterine cervical dysplasia,20251230_121721,runs\run_metformin_uterine_cervical_dysplasia_20251230_121721.json,mapped_legacy_no_provenance,mapped_legacy_no_provenance,0.75,entities_seen_in_graph_artifacts,8,8,8,4.0,4.0,0,8,1.0,literatures\classified_pubmed_metformin_uterine cervical dysplasia_20251230_121717.json,1,2,5,8,0.125,0.25,0.625,0.639846,safety_concerning,0.2,0.2,,,0.0,6e-06,1.0923,2.4e-05,0.0,0.390066,literature_only,0.125,1e-06,1e-06,54.770193,0.468529,0.228776,0.00163717,0.154547,0.312623,0.158076,12.021253,0.210187,64.453,Literature-conflicted
